{"cameraMode":{"drawMode":0,"name":"Shaded","section":"Shading Mode"},"sceneLighting":true,"audioPlay":false,"sceneViewState":{"showFog":true,"showMaterialUpdate":false,"showSkybox":true,"showFlares":true,"showImageEffects":true,"showParticleSystems":true},"in2DMode":false,"pivot":{"x":-2.138056755065918,"y":-18.713836669921876,"z":74.11715698242188},"rotation":{"x":-0.23902948200702668,"y":-0.032037150114774707,"z":0.007890201173722744,"w":-0.9704516530036926},"size":133.39404296875,"orthographic":false}