{"cameraMode":{"drawMode":0,"name":"Shaded","section":"Shading Mode"},"sceneLighting":true,"audioPlay":false,"sceneViewState":{"showFog":true,"showMaterialUpdate":false,"showSkybox":true,"showFlares":true,"showImageEffects":true,"showParticleSystems":true},"in2DMode":false,"pivot":{"x":7.471626281738281,"y":8.096832275390625,"z":4.798983573913574},"rotation":{"x":-0.058774638921022418,"y":0.19782257080078126,"z":-0.011884290724992752,"w":-0.9784020781517029},"size":35.20247268676758,"orthographic":false}