{"cameraMode":{"drawMode":0,"name":"Shaded","section":"Shading Mode"},"sceneLighting":true,"audioPlay":false,"sceneViewState":{"showFog":true,"showMaterialUpdate":false,"showSkybox":true,"showFlares":true,"showImageEffects":true,"showParticleSystems":true},"in2DMode":false,"pivot":{"x":7.070761203765869,"y":-26.938251495361329,"z":69.18587493896485},"rotation":{"x":-0.23902948200702668,"y":-0.032037150114774707,"z":0.007890201173722744,"w":-0.9704516530036926},"size":80.30681610107422,"orthographic":false}