{"cameraMode":{"drawMode":0,"name":"Shaded","section":"Shading Mode"},"sceneLighting":true,"audioPlay":false,"sceneViewState":{"showFog":true,"showMaterialUpdate":false,"showSkybox":true,"showFlares":true,"showImageEffects":true,"showParticleSystems":true},"in2DMode":false,"pivot":{"x":45.553985595703128,"y":-32.12901306152344,"z":55.094486236572269},"rotation":{"x":-0.31048810482025149,"y":-0.43615514039993288,"z":0.16342288255691529,"w":-0.8286488652229309},"size":95.23825073242188,"orthographic":false}