{"cameraMode":{"drawMode":0,"name":"Shaded","section":"Shading Mode"},"sceneLighting":true,"audioPlay":false,"sceneViewState":{"showFog":true,"showMaterialUpdate":false,"showSkybox":true,"showFlares":true,"showImageEffects":true,"showParticleSystems":true},"in2DMode":false,"pivot":{"x":7.940110683441162,"y":17.8104248046875,"z":54.890350341796878},"rotation":{"x":-0.5520199537277222,"y":-0.021257882937788965,"z":0.014079087413847447,"w":-0.8334409594535828},"size":195.7384796142578,"orthographic":false}