{"cameraMode":{"drawMode":0,"name":"Shaded","section":"Shading Mode"},"sceneLighting":false,"audioPlay":false,"sceneViewState":{"showFog":true,"showMaterialUpdate":false,"showSkybox":false,"showFlares":true,"showImageEffects":true,"showParticleSystems":true},"in2DMode":false,"pivot":{"x":0.30000001192092898,"y":0.0,"z":-0.800000011920929},"rotation":{"x":-0.058774638921022418,"y":0.19782257080078126,"z":-0.011884290724992752,"w":-0.9784020781517029},"size":1.5153815746307374,"orthographic":false}